{"cameraMode":{"drawMode":0,"name":"Shaded","section":"Shading Mode"},"sceneLighting":true,"audioPlay":false,"sceneViewState":{"m_AlwaysRefresh":false,"showFog":false,"showSkybox":true,"showFlares":true,"showImageEffects":true,"showParticleSystems":true,"showVisualEffectGraphs":true,"m_FxEnabled":true},"in2DMode":false,"pivot":{"x":264.61944580078127,"y":-19.182601928710939,"z":-97.93754577636719},"rotation":{"x":-0.0029016640037298204,"y":0.994868278503418,"z":-0.09670339524745941,"w":-0.029874641448259355},"size":414.66156005859377,"orthographic":false}