{"cameraMode":{"drawMode":0,"name":"Shaded","section":"Shading Mode"},"sceneLighting":false,"audioPlay":false,"sceneViewState":{"m_AlwaysRefresh":false,"showFog":false,"showSkybox":true,"showFlares":true,"showImageEffects":true,"showParticleSystems":true,"showVisualEffectGraphs":true,"m_FxEnabled":true},"in2DMode":false,"pivot":{"x":195.5377655029297,"y":1.3820382356643677,"z":-23.614545822143556},"rotation":{"x":-0.007486115675419569,"y":-0.7002688646316528,"z":0.007360328920185566,"w":-0.7138511538505554},"size":43.714813232421878,"orthographic":false}