{"cameraMode":{"drawMode":0,"name":"Shaded","section":"Shading Mode"},"sceneLighting":false,"audioPlay":false,"sceneViewState":{"m_AlwaysRefresh":false,"showFog":false,"showSkybox":true,"showFlares":true,"showImageEffects":true,"showParticleSystems":true,"showVisualEffectGraphs":true,"m_FxEnabled":true},"in2DMode":false,"pivot":{"x":-46.285762786865237,"y":22.000118255615236,"z":217.9684295654297},"rotation":{"x":0.027524642646312715,"y":0.3244677186012268,"z":0.009443528950214386,"w":-0.9454556703567505},"size":85.21888732910156,"orthographic":false}